griffiths-henry-vi	HIGH	The Reign of King Henry VI	Ralph A. Griffiths
curry-hundred-years-war	HIGH	The Hundred Years War 1337-1453	Anne Curry
wight-systems-of-states	MED	Systems of States	Martin Wight
morris-papal-monarchy	MED	The Papal Monarchy: The Western Church from 1050 to 1250	Colin Morris
mallett-mercenaries-masters	HIGH	Mercenaries and Their Masters: Warfare in Renaissance Italy	Michael Mallett
harvey-jack-cade	HIGH	Jack Cade's Rebellion of 1450	I. M. W. Harvey
dollinger-german-hansa	HIGH	The German Hansa	Philippe Dollinger
lane-venice-maritime-republic	MED	Venice: A Maritime Republic	Frederic C. Lane
lane-mueller-money-banking-venice	HIGH	Money and Banking in Medieval and Renaissance Venice	Frederic C. Lane; Reinhold C. Mueller
mallett-hale-military-org-venice	MED	The Military Organization of a Renaissance State: Venice c.1400 to 1617	M. E. Mallett; J. R. Hale
caferro-john-hawkwood	MED	John Hawkwood: An English Mercenary in Fourteenth-Century Italy	William Caferro
najemy-history-of-florence	MED	A History of Florence 1200-1575	John M. Najemy
blickle-revolution-1525	MED	The Revolution of 1525: The German Peasants' War from a New Perspective	Peter Blickle
scott-scribner-german-peasants-war-docs	MED	The German Peasants' War: A History in Documents	Tom Scott; Bob Scribner
hicks-bastard-feudalism	MED	Bastard Feudalism	Michael Hicks
mckelvie-bastard-feudalism-law	MED	Bastard Feudalism, English Society and the Law: The Statutes of Livery 1390-1520	Gordon McKelvie
zmora-state-nobility-germany	MED	State and Nobility in Early Modern Germany: The Knightly Feud in Franconia 1440-1567	Hillay Zmora
zmora-feud-early-modern-germany	MED	The Feud in Early Modern Germany	Hillay Zmora
brunner-land-and-lordship	MED	Land and Lordship: Structures of Governance in Medieval Austria	Otto Brunner
algazi-herrengewalt	MED	Herrengewalt und Gewalt der Herren im spaeten Mittelalter	Gadi Algazi
bellamy-crime-public-order	HIGH	Crime and Public Order in England in the Later Middle Ages	John Bellamy
muir-mad-blood-stirring	HIGH	Mad Blood Stirring: Vendetta and Factions in Friuli during the Renaissance	Edward Muir
pistor-code-of-capital	HIGH	The Code of Capital: How the Law Creates Wealth and Inequality	Katharina Pistor
castor-blood-and-roses	MED	Blood and Roses: The Paston Family in the Fifteenth Century	Helen Castor
dean-crime-justice-late-medieval-italy	MED	Crime and Justice in Late Medieval Italy	Trevor Dean
jansen-peace-and-penance	MED	Peace and Penance in Late Medieval Italy	Katherine Ludwig Jansen
berman-law-and-revolution	MED	Law and Revolution: The Formation of the Western Legal Tradition	Harold J. Berman
johnson-law-in-common	MED	Law in Common: Legal Cultures in Late-Medieval England	Tom Johnson
carpenter-locality-and-policy	MED	Locality and Polity: A Study of Warwickshire Landed Society 1401-1499	Christine Carpenter
lander-crown-and-nobility	HIGH	Crown and Nobility 1450-1509	J. R. Lander
wolffe-crown-lands	MED	The Crown Lands 1461 to 1536: An Aspect of Yorkist and Early Tudor Government	B. P. Wolffe
ladero-hacienda-real-castilla	MED	La Hacienda Real de Castilla en el siglo XV	Miguel Angel Ladero Quesada
lunenfeld-keepers-of-the-city	MED	Keepers of the City: The Corregidores of Isabella I of Castile	Marvin Lunenfeld
kamen-spanish-inquisition	MED	The Spanish Inquisition: A Historical Revision	Henry Kamen
contreras-henningsen-forty-four-thousand	MED	Forty-Four Thousand Cases of the Spanish Inquisition (1540-1700)	Jaime Contreras; Gustav Henningsen
murphey-ottoman-warfare	MED	Ottoman Warfare 1500-1700	Rhoads Murphey
agoston-guns-for-the-sultan	MED	Guns for the Sultan: Military Power and the Weapons Industry in the Ottoman Empire	Gabor Agoston
eisenstein-printing-press	MED	The Printing Press as an Agent of Change	Elizabeth L. Eisenstein
johns-nature-of-the-book	MED	The Nature of the Book: Print and Knowledge in the Making	Adrian Johns
febvre-martin-coming-of-the-book	MED	The Coming of the Book: The Impact of Printing 1450-1800	Lucien Febvre; Henri-Jean Martin
bonney-rise-fiscal-state	MED	The Rise of the Fiscal State in Europe c.1200-1815	Richard Bonney
ormrod-crises-revolutions	MED	Crises, Revolutions and Self-Sustained Growth: Essays in European Fiscal History 1130-1830	W. M. Ormrod; Margaret Bonney; Richard Bonney
depreter-de-gavre-a-nancy	HIGH	De Gavre a Nancy (1453-1477): l'artillerie bourguignonne sur la voie de la modernite	Michael Depreter
virgoe-ancient-indictments-kent	MED	Some Ancient Indictments in the King's Bench Referring to Kent 1450-1452	Roger Virgoe
davis-paston-letters-2-3	MED	Paston Letters and Papers of the Fifteenth Century Parts II-III	Norman Davis
norris-inglehart-cultural-backlash	MED	Cultural Backlash: Trump, Brexit, and Authoritarian Populism	Pippa Norris; Ronald Inglehart
bak-master-roger-thomas-of-split	MED	Master Roger's Epistle / Thomas of Split History of the Bishops of Salona and Split	Janos M. Bak; Martyn Rady; Damir Karbic
burne-agincourt-war	MED	The Agincourt War: A Military History of the Latter Part of the Hundred Years War	Alfred H. Burne
nicolle-osprey-normandy-gascony	LOW	Osprey campaign titles on the reconquest of Normandy/Gascony	David Nicolle
barker-conquest	MED	Conquest: The English Kingdom of France 1417-1450	Juliet Barker
kaufman-jack-cade-sourcebook	MED	The Jack Cade Rebellion of 1450: A Sourcebook	Alexander L. Kaufman
lubkin-renaissance-court-milan	MED	A Renaissance Court: Milan under Galeazzo Maria Sforza	Gregory Lubkin
chambers-pullan-venice-documentary-history	MED	Venice: A Documentary History 1450-1630	David Chambers; Brian Pullan
brady-handbook-european-history	MED	Handbook of European History 1400-1600	Thomas A. Brady; Heiko A. Oberman; James D. Tracy
guehenno-end-of-nation-state	MED	The End of the Nation-State	Jean-Marie Guehenno
pollard-factors-modern-history	LOW	Factors in Modern History	A. F. Pollard
koenigsberger-composite-states	LOW	Work on composite/early modern states (title to confirm)	H. G. Koenigsberger
davies-british-isles-1093-1343	LOW	Work on the British Isles c.1093-1343 (title to confirm)	R. R. Davies
elliott-europe-composite-monarchies	LOW	A Europe of Composite Monarchies (Past & Present 137, 1992)	J. H. Elliott
