source,country_code,country_name,feed_url,verification_status,cms,tier
InSight Crime (English),PAN-REGIONAL,PAN-REGIONAL,https://insightcrime.org/feed/,verified,unknown,
InSight Crime Español,PAN-REGIONAL,PAN-REGIONAL,https://es.insightcrime.org/feed/,likely,unknown,
CONNECTAS,PAN-REGIONAL,PAN-REGIONAL,https://www.connectas.org/feed/,likely,wordpress,
OCCRP,PAN-REGIONAL,PAN-REGIONAL,https://www.occrp.org/en/rss.xml,verified,unknown,
El Faro,PAN-REGIONAL,PAN-REGIONAL,https://elfaro.net/rss,likely,unknown,
BBC News Mundo,PAN-REGIONAL,PAN-REGIONAL,https://feeds.bbci.co.uk/mundo/rss.xml,verified,unknown,
DW Español,PAN-REGIONAL,PAN-REGIONAL,https://rss.dw.com/rdf/rss-sp-all,verified,unknown,
VOA Voz de América,PAN-REGIONAL,PAN-REGIONAL,https://www.vozdeamerica.com/api/zmgqoe$mqi,likely,unknown,
France 24 Español,PAN-REGIONAL,PAN-REGIONAL,https://www.france24.com/es/rss,verified,unknown,
RFI en español,PAN-REGIONAL,PAN-REGIONAL,https://www.rfi.fr/es/rss,verified,unknown,
Infobae América (all sections),PAN-REGIONAL,PAN-REGIONAL,https://www.infobae.com/america/feed/,likely,arc,
Nodal,PAN-REGIONAL,PAN-REGIONAL,https://www.nodal.am/feed/,likely,wordpress,
Latin American Reports,PAN-REGIONAL,PAN-REGIONAL,https://latinamericareports.com/feed/,verified,unknown,
Distintas Latitudes,PAN-REGIONAL,PAN-REGIONAL,https://distintaslatitudes.net/feed,likely,unknown,
Telesur,PAN-REGIONAL,PAN-REGIONAL,https://www.telesurtv.net/rss/index/index.xml,likely,unknown,
Sputnik Mundo,PAN-REGIONAL,PAN-REGIONAL,https://noticiaslatam.lat/export/rss2/article/index.xml,pattern_guess,unknown,
Diálogo Político (KAS),PAN-REGIONAL,PAN-REGIONAL,https://dialogopolitico.org/feed/,likely,unknown,
Inter-American Dialogue,PAN-REGIONAL,PAN-REGIONAL,https://www.thedialogue.org/feed/,likely,unknown,
Nueva Sociedad (FES),PAN-REGIONAL,PAN-REGIONAL,https://nuso.org/feed/,likely,unknown,
WOLA,PAN-REGIONAL,PAN-REGIONAL,https://www.wola.org/feed/,likely,unknown,
Igarapé Institute,PAN-REGIONAL,PAN-REGIONAL,https://igarape.org.br/feed/,likely,unknown,
RESDAL,PAN-REGIONAL,PAN-REGIONAL,https://www.resdal.org/feed/,pattern_guess,unknown,
CRIES,PAN-REGIONAL,PAN-REGIONAL,https://www.cries.org/feed/,pattern_guess,unknown,
Clarín (general),AR,ARGENTINA,https://www.clarin.com/rss/,verified,unknown,
Clarín — Política,AR,ARGENTINA,https://www.clarin.com/rss/politica/,verified,unknown,
Clarín — Policiales,AR,ARGENTINA,https://www.clarin.com/rss/policiales/,likely,unknown,
La Nación (últimas noticias),AR,ARGENTINA,https://www.lanacion.com.ar/arc/outboundfeeds/rss/,likely,arc,
La Nación — Política,AR,ARGENTINA,https://www.lanacion.com.ar/arc/outboundfeeds/rss/category/politica/,likely,unknown,
La Nación — Seguridad,AR,ARGENTINA,https://www.lanacion.com.ar/arc/outboundfeeds/rss/category/seguridad/,likely,unknown,
Página/12 (portada),AR,ARGENTINA,https://www.pagina12.com.ar/rss/portada,verified,unknown,
Página/12 — Sociedad,AR,ARGENTINA,https://www.pagina12.com.ar/rss/secciones/sociedad/notas,verified,unknown,
Página/12 — El País,AR,ARGENTINA,https://www.pagina12.com.ar/rss/secciones/el-pais/notas,verified,unknown,
Ámbito Financiero,AR,ARGENTINA,https://www.ambito.com/rss/pages/economia.xml,likely,unknown,
Infobae Argentina,AR,ARGENTINA,https://www.infobae.com/argentina/feed/,likely,arc,
Infobae — Seguridad,AR,ARGENTINA,https://www.infobae.com/seguridad/feed/,pattern_guess,unknown,
Perfil,AR,ARGENTINA,https://www.perfil.com/rss/ultimomomento.xml,likely,unknown,
El Cronista,AR,ARGENTINA,https://www.cronista.com/files/rss/ultimas.xml,likely,unknown,
La Prensa,AR,ARGENTINA,https://www.laprensa.com.ar/rss.aspx,pattern_guess,unknown,
BAE Negocios,AR,ARGENTINA,https://www.baenegocios.com/rss.html,pattern_guess,unknown,
TN (Todo Noticias),AR,ARGENTINA,https://tn.com.ar/feed/,likely,unknown,
C5N,AR,ARGENTINA,https://www.c5n.com/feed,pattern_guess,unknown,
Canal 26,AR,ARGENTINA,https://www.canal26.com/feed,pattern_guess,unknown,
Radio Mitre,AR,ARGENTINA,https://radiomitre.cienradios.com/feed/,likely,unknown,
Revista Anfibia,AR,ARGENTINA,https://www.revistaanfibia.com/feed/,likely,unknown,
El Destape,AR,ARGENTINA,https://www.eldestapeweb.com/rss/lo-ultimo.html,pattern_guess,unknown,
Tiempo Argentino,AR,ARGENTINA,https://www.tiempoar.com.ar/feed/,likely,unknown,
El Cohete a la Luna,AR,ARGENTINA,https://www.elcohetealaluna.com/feed/,likely,wordpress,
La Vaca,AR,ARGENTINA,https://www.lavaca.org/feed/,likely,wordpress,
Chequeado,AR,ARGENTINA,https://chequeado.com/feed/,likely,unknown,
Revista Mate,AR,ARGENTINA,https://revistamate.com.ar/feed/,likely,unknown,
Indymedia Argentina,AR,ARGENTINA,https://argentina.indymedia.org/feed/,pattern_guess,unknown,
elDiarioAR,AR,ARGENTINA,https://www.eldiarioar.com/rss/,likely,unknown,
Letra P,AR,ARGENTINA,https://www.letrap.com.ar/rss/,pattern_guess,unknown,
Cenital,AR,ARGENTINA,https://cenital.com/feed/,likely,unknown,
La Capital (Rosario),AR,ARGENTINA,https://www.lacapital.com.ar/rss.html,pattern_guess,unknown,
El Ciudadano Web (Rosario),AR,ARGENTINA,https://www.elciudadanoweb.com/feed/,likely,wordpress,
Aire de Santa Fe,AR,ARGENTINA,https://www.airedesantafe.com.ar/feed/,likely,unknown,
El Litoral,AR,ARGENTINA,https://www.ellitoral.com/feed,pattern_guess,unknown,
La Voz del Interior (Córdoba),AR,ARGENTINA,https://www.lavoz.com.ar/rss.xml,likely,unknown,
Los Andes (Mendoza),AR,ARGENTINA,https://www.losandes.com.ar/feed,pattern_guess,unknown,
Diario Río Negro,AR,ARGENTINA,https://www.rionegro.com.ar/feed/,likely,unknown,
La Gaceta (Tucumán),AR,ARGENTINA,https://www.lagaceta.com.ar/rss.xml,pattern_guess,unknown,
Diario de Cuyo,AR,ARGENTINA,https://www.diariodecuyo.com.ar/rss.html,pattern_guess,unknown,
CARI,AR,ARGENTINA,https://www.cari.org.ar/feed/,pattern_guess,unknown,
CIPPEC,AR,ARGENTINA,https://www.cippec.org/feed/,likely,unknown,
CELS,AR,ARGENTINA,https://www.cels.org.ar/web/feed/,likely,unknown,
El Deber,BO,BOLIVIA,https://eldeber.com.bo/rss.xml,likely,unknown,
Los Tiempos,BO,BOLIVIA,https://www.lostiempos.com/rss.xml,likely,unknown,
La Razón,BO,BOLIVIA,https://www.la-razon.com/feed/,likely,unknown,
El Diario,BO,BOLIVIA,https://www.eldiario.net/noticias/rss.xml,pattern_guess,unknown,
Correo del Sur,BO,BOLIVIA,https://correodelsur.com/rss.xml,pattern_guess,unknown,
Opinión (Cochabamba),BO,BOLIVIA,https://www.opinion.com.bo/feed,pattern_guess,unknown,
El Día (Santa Cruz),BO,BOLIVIA,https://eldia.com.bo/feed,pattern_guess,unknown,
La Patria (Oruro),BO,BOLIVIA,https://www.lapatriaenlinea.com/?do=rss,pattern_guess,unknown,
El Potosí,BO,BOLIVIA,https://elpotosi.net/rss/,pattern_guess,unknown,
ANF Noticias Fides,BO,BOLIVIA,https://www.noticiasfides.com/rss,pattern_guess,unknown,
Radio Fides,BO,BOLIVIA,https://www.radiofides.com/feed/,likely,unknown,
Erbol,BO,BOLIVIA,https://erbol.com.bo/feed,likely,unknown,
Brújula Digital,BO,BOLIVIA,https://brujuladigital.net/feed/,likely,wordpress,
Oxígeno Bolivia,BO,BOLIVIA,https://www.oxigeno.bo/feed,pattern_guess,unknown,
Bolpress,BO,BOLIVIA,https://www.bolpress.com/feed,pattern_guess,unknown,
CEDLA,BO,BOLIVIA,https://cedla.org/feed/,pattern_guess,unknown,
Fundación Tierra,BO,BOLIVIA,https://www.ftierra.org/index.php?option=com_obrss&task=feed&id=1,pattern_guess,unknown,
Folha de S.Paulo (Poder),BR,BRAZIL,https://feeds.folha.uol.com.br/poder/rss091.xml,verified,unknown,
Folha de S.Paulo (Mundo),BR,BRAZIL,https://feeds.folha.uol.com.br/mundo/rss091.xml,verified,unknown,
Folha de S.Paulo (Cotidiano),BR,BRAZIL,https://feeds.folha.uol.com.br/cotidiano/rss091.xml,verified,unknown,
O Estado de S.Paulo (Estadão) — últimas,BR,BRAZIL,https://www.estadao.com.br/rss/ultimas.xml,verified,unknown,
Estadão — Brasil,BR,BRAZIL,https://www.estadao.com.br/rss/brasil.xml,verified,unknown,
Estadão — Política,BR,BRAZIL,https://www.estadao.com.br/rss/politica.xml,verified,unknown,
O Globo — País,BR,BRAZIL,https://oglobo.globo.com/rss/oglobo,likely,unknown,
O Globo — Rio,BR,BRAZIL,https://oglobo.globo.com/rss/oglobo/rio,likely,unknown,
Valor Econômico,BR,BRAZIL,https://valor.globo.com/rss/valor/,pattern_guess,unknown,
Veja,BR,BRAZIL,https://veja.abril.com.br/feed/,likely,unknown,
IstoÉ,BR,BRAZIL,https://istoe.com.br/feed/,likely,unknown,
Carta Capital,BR,BRAZIL,https://www.cartacapital.com.br/feed,likely,unknown,
Correio Braziliense,BR,BRAZIL,https://www.correiobraziliense.com.br/rss/,pattern_guess,unknown,
Zero Hora (RBS/Gaúcha),BR,BRAZIL,https://gauchazh.clicrbs.com.br/feed.xml,pattern_guess,unknown,
O Povo (Ceará),BR,BRAZIL,https://www.opovo.com.br/rss.xml,pattern_guess,unknown,
Estado de Minas,BR,BRAZIL,https://www.em.com.br/rss/feeds/feed/,pattern_guess,unknown,
Agência Brasil,BR,BRAZIL,https://agenciabrasil.ebc.com.br/rss/ultimasnoticias/feed.xml,verified,unknown,
UOL — Notícias,BR,BRAZIL,https://rss.uol.com.br/feed/noticias.xml,verified,unknown,
G1 (Globo),BR,BRAZIL,https://g1.globo.com/rss/g1/,likely,unknown,
Metrópoles,BR,BRAZIL,https://www.metropoles.com/feed,likely,unknown,
Poder360,BR,BRAZIL,https://www.poder360.com.br/feed/,likely,unknown,
Agência Pública,BR,BRAZIL,https://apublica.org/feed/,likely,unknown,
Piauí,BR,BRAZIL,https://piaui.folha.uol.com.br/feed/,likely,unknown,
The Intercept Brasil,BR,BRAZIL,https://www.intercept.com.br/feed/,likely,unknown,
Nexo Jornal,BR,BRAZIL,https://www.nexojornal.com.br/feed/,likely,unknown,
Repórter Brasil,BR,BRAZIL,https://reporterbrasil.org.br/feed/,likely,wordpress,
Aos Fatos,BR,BRAZIL,https://www.aosfatos.org/feed/,likely,unknown,
Lupa,BR,BRAZIL,https://lupa.uol.com.br/feed,pattern_guess,unknown,
Mídia Ninja,BR,BRAZIL,https://midianinja.org/feed/,likely,unknown,
Sumaúma,BR,BRAZIL,https://sumauma.com/feed/,likely,unknown,
Ponte Jornalismo,BR,BRAZIL,https://ponte.org/feed/,likely,wordpress,
Fórum Brasileiro de Segurança Pública,BR,BRAZIL,https://forumseguranca.org.br/feed/,likely,unknown,
Instituto Sou da Paz,BR,BRAZIL,https://soudapaz.org/feed/,likely,unknown,
Conectas Direitos Humanos,BR,BRAZIL,https://www.conectas.org/feed/,likely,unknown,
Extra (O Globo),BR,BRAZIL,https://extra.globo.com/rss/extra,likely,unknown,
Núcleo de Estudos da Violência (USP),BR,BRAZIL,https://nev.prp.usp.br/feed/,likely,unknown,
CEBRI,BR,BRAZIL,https://www.cebri.org/feed/,likely,unknown,
IPEA,BR,BRAZIL,https://www.ipea.gov.br/portal/rss/recente.xml,pattern_guess,unknown,
El Mercurio / Emol,CL,CHILE,https://www.emol.com/sitios/RSS/noticias.xml,pattern_guess,unknown,
La Tercera,CL,CHILE,https://www.latercera.com/arc/outboundfeeds/rss/,likely,arc,
La Tercera — Nacional,CL,CHILE,https://www.latercera.com/arc/outboundfeeds/rss/category/nacional/,likely,unknown,
Las Últimas Noticias (LUN),CL,CHILE,https://www.lun.com/rss/,pattern_guess,unknown,
Diario Financiero,CL,CHILE,https://www.df.cl/rss/portada,pattern_guess,unknown,
El Mostrador,CL,CHILE,https://www.elmostrador.cl/feed/,likely,wordpress,
El Mostrador — País,CL,CHILE,https://www.elmostrador.cl/noticias/pais/feed/,likely,unknown,
Publímetro,CL,CHILE,https://www.publimetro.cl/feed,pattern_guess,unknown,
El Líbero,CL,CHILE,https://ellibero.cl/feed/,likely,unknown,
CIPER Chile,CL,CHILE,https://www.ciperchile.cl/feed/,likely,wordpress,
Interferencia,CL,CHILE,https://interferencia.cl/rss.xml,pattern_guess,unknown,
The Clinic,CL,CHILE,https://www.theclinic.cl/feed/,likely,unknown,
Diario U. de Chile,CL,CHILE,https://radio.uchile.cl/feed/,likely,unknown,
Resumen.cl,CL,CHILE,https://resumen.cl/feed/,likely,unknown,
Bío Bío Chile,CL,CHILE,https://www.biobiochile.cl/rss/noticias.xml,likely,unknown,
El Desconcierto,CL,CHILE,https://www.eldesconcierto.cl/feed/,likely,unknown,
El Dínamo,CL,CHILE,https://www.eldinamo.cl/feed/,likely,unknown,
Ex-Ante,CL,CHILE,https://www.ex-ante.cl/feed/,likely,unknown,
CESC U. de Chile,CL,CHILE,https://cesc.uchile.cl/feed/,pattern_guess,unknown,
AthenaLab,CL,CHILE,https://www.athenalab.org/feed/,pattern_guess,unknown,
Paz Ciudadana,CL,CHILE,https://pazciudadana.cl/feed/,pattern_guess,unknown,
Espacio Público,CL,CHILE,https://espaciopublico.cl/feed/,pattern_guess,unknown,
FLACSO Chile,CL,CHILE,https://www.flacsochile.org/feed/,pattern_guess,unknown,
Libertad y Desarrollo,CL,CHILE,https://lyd.org/feed/,pattern_guess,unknown,
Centro de Estudios Públicos (CEP),CL,CHILE,https://www.cepchile.cl/feed/,pattern_guess,unknown,
TVN — 24 Horas,CL,CHILE,https://www.24horas.cl/rss/feed.xml,pattern_guess,unknown,
T13 (Canal 13),CL,CHILE,https://www.t13.cl/rss,pattern_guess,unknown,
Cooperativa Radio,CL,CHILE,https://www.cooperativa.cl/noticias/site/tax/port/all/rss_portada_n3047_1.xml,pattern_guess,unknown,
El Tiempo (portada),CO,COLOMBIA,https://www.eltiempo.com/rss,verified,unknown,
El Tiempo — Colombia,CO,COLOMBIA,https://www.eltiempo.com/rss/colombia.xml,verified,unknown,
El Tiempo — Mundo,CO,COLOMBIA,https://www.eltiempo.com/rss/mundo.xml,verified,unknown,
El Tiempo — Justicia,CO,COLOMBIA,https://www.eltiempo.com/rss/justicia.xml,likely,unknown,
El Espectador (portada),CO,COLOMBIA,https://www.elespectador.com/arc/outboundfeeds/rss/,likely,arc,
El Espectador — Judicial,CO,COLOMBIA,https://www.elespectador.com/arc/outboundfeeds/rss/category/judicial/,likely,unknown,
Semana,CO,COLOMBIA,https://www.semana.com/rss-nuestros-feeds/,pattern_guess,unknown,
El Colombiano (Medellín),CO,COLOMBIA,https://www.elcolombiano.com/rss/portada.xml,pattern_guess,unknown,
El País Cali,CO,COLOMBIA,https://www.elpais.com.co/rss/,pattern_guess,unknown,
El Heraldo (Barranquilla),CO,COLOMBIA,https://www.elheraldo.co/rss.xml,pattern_guess,unknown,
El Universal (Cartagena),CO,COLOMBIA,https://www.eluniversal.com.co/rss/portada.xml,pattern_guess,unknown,
Vanguardia (Bucaramanga),CO,COLOMBIA,https://www.vanguardia.com/rss/feed/portada,pattern_guess,unknown,
Portafolio,CO,COLOMBIA,https://www.portafolio.co/rss,pattern_guess,unknown,
La República,CO,COLOMBIA,https://www.larepublica.co/rss,pattern_guess,unknown,
El Nuevo Siglo,CO,COLOMBIA,https://www.elnuevosiglo.com.co/rss.xml,verified,unknown,
Cambio (revista),CO,COLOMBIA,https://cambiocolombia.com/feed,likely,unknown,
Caracol Radio,CO,COLOMBIA,https://caracol.com.co/rss/,pattern_guess,unknown,
Blu Radio,CO,COLOMBIA,https://www.bluradio.com/rss,pattern_guess,unknown,
RCN Radio,CO,COLOMBIA,https://www.rcnradio.com/feed,pattern_guess,unknown,
W Radio,CO,COLOMBIA,https://www.wradio.com.co/rss/,pattern_guess,unknown,
Caracol TV,CO,COLOMBIA,https://www.caracoltv.com/rss.xml,pattern_guess,unknown,
Canal 1,CO,COLOMBIA,https://canal1.com.co/feed/,likely,unknown,
Noticias Uno,CO,COLOMBIA,https://www.noticiasuno.com/feed/,likely,unknown,
La Silla Vacía,CO,COLOMBIA,https://www.lasillavacia.com/feed/,likely,unknown,
Cuestión Pública,CO,COLOMBIA,https://cuestionpublica.com/feed/,likely,unknown,
Vorágine,CO,COLOMBIA,https://voragine.co/feed/,likely,unknown,
Mutante,CO,COLOMBIA,https://www.mutante.org/feed,likely,unknown,
Cerosetenta (070),CO,COLOMBIA,https://cerosetenta.uniandes.edu.co/feed/,likely,unknown,
Razón Pública,CO,COLOMBIA,https://razonpublica.com/feed/,likely,wordpress,
Colombia Check,CO,COLOMBIA,https://colombiacheck.com/feed,pattern_guess,unknown,
¡Pacifista!,CO,COLOMBIA,https://pacifista.tv/feed/,likely,unknown,
Baudó AP,CO,COLOMBIA,https://www.baudoap.com/feed/,pattern_guess,unknown,
Kien y Ke,CO,COLOMBIA,https://www.kienyke.com/feed,verified,unknown,
Verdad Abierta,CO,COLOMBIA,https://verdadabierta.com/feed/,likely,wordpress,
Rutas del Conflicto,CO,COLOMBIA,https://rutasdelconflicto.com/feed/,likely,unknown,
Indepaz,CO,COLOMBIA,https://indepaz.org.co/feed/,likely,wordpress,
Fundación Ideas para la Paz (FIP),CO,COLOMBIA,https://ideaspaz.org/feed,pattern_guess,unknown,
Pares (Fundación Paz y Reconciliación),CO,COLOMBIA,https://www.pares.com.co/feed,likely,unknown,
CINEP / Programa por la Paz,CO,COLOMBIA,https://www.cinep.org.co/feed/,pattern_guess,unknown,
Comisión Colombiana de Juristas,CO,COLOMBIA,https://www.coljuristas.org/feed/,pattern_guess,unknown,
CERAC,CO,COLOMBIA,https://www.cerac.org.co/feed,pattern_guess,unknown,
Comisión de la Verdad (archive),CO,COLOMBIA,https://www.comisiondelaverdad.co/feed,pattern_guess,unknown,
JEP,CO,COLOMBIA,https://www.jep.gov.co/rss.xml,pattern_guess,unknown,
El Comercio (Quito),EC,ECUADOR,https://www.elcomercio.com/feed/,likely,wordpress,
El Universo,EC,ECUADOR,https://www.eluniverso.com/feed/,likely,unknown,
Expreso (Guayaquil),EC,ECUADOR,https://www.expreso.ec/feed/,likely,unknown,
El Telégrafo,EC,ECUADOR,https://www.eltelegrafo.com.ec/rss,pattern_guess,unknown,
La Hora,EC,ECUADOR,https://www.lahora.com.ec/feed/,likely,unknown,
Extra,EC,ECUADOR,https://www.extra.ec/feed/,pattern_guess,unknown,
Diario Correo,EC,ECUADOR,https://www.diariocorreo.com.ec/feed,pattern_guess,unknown,
Metro Ecuador,EC,ECUADOR,https://www.metroecuador.com.ec/feed,verified,unknown,
Plan V,EC,ECUADOR,https://planv.com.ec/feed,likely,unknown,
GK (gk.city),EC,ECUADOR,https://gk.city/feed/,likely,unknown,
Primicias,EC,ECUADOR,https://www.primicias.ec/feed/,likely,unknown,
La Posta,EC,ECUADOR,https://laposta.ec/feed/,likely,unknown,
La Barra Espaciadora,EC,ECUADOR,https://labarraespaciadora.com/feed/,likely,wordpress,
Mil Hojas,EC,ECUADOR,https://www.milhojas.is/feed.xml,pattern_guess,unknown,
La Fuente,EC,ECUADOR,https://lafuente.ec/feed,pattern_guess,unknown,
4Pelagatos,EC,ECUADOR,https://4pelagatos.com/feed/,likely,unknown,
Wambra,EC,ECUADOR,https://wambra.ec/feed,likely,unknown,
Mongabay Latam,EC,ECUADOR,https://es.mongabay.com/feed/,likely,unknown,
Ecuavisa,EC,ECUADOR,https://www.ecuavisa.com/rss,pattern_guess,unknown,
Teleamazonas,EC,ECUADOR,https://www.teleamazonas.com/feed,pattern_guess,unknown,
Stabroek News,GY,GUYANA,https://www.stabroeknews.com/feed/,likely,wordpress,
Kaieteur News,GY,GUYANA,https://www.kaieteurnewsonline.com/feed/,likely,unknown,
Demerara Waves,GY,GUYANA,https://demerarawaves.com/feed/,likely,unknown,
News Source Guyana,GY,GUYANA,https://newssourcegy.com/feed/,likely,unknown,
Guyana Chronicle,GY,GUYANA,https://guyanachronicle.com/feed/,likely,unknown,
ABC Color,PY,PARAGUAY,https://www.abc.com.py/rss/nacionales.xml,pattern_guess,unknown,
Última Hora,PY,PARAGUAY,https://www.ultimahora.com/rss/,pattern_guess,unknown,
La Nación,PY,PARAGUAY,https://www.lanacion.com.py/feed/,likely,unknown,
Crónica,PY,PARAGUAY,https://www.cronica.com.py/feed/,likely,unknown,
Hoy,PY,PARAGUAY,https://www.hoy.com.py/rss/portada,pattern_guess,unknown,
5dias,PY,PARAGUAY,https://www.5dias.com.py/feed/,likely,unknown,
El Surti (El Surtidor),PY,PARAGUAY,https://elsurti.com/feed/,likely,unknown,
ConexionesPy,PY,PARAGUAY,https://conexiones.com.py/feed/,likely,unknown,
El Independiente,PY,PARAGUAY,https://www.elindependiente.com.py/feed/,likely,unknown,
IP Agencia (state),PY,PARAGUAY,https://www.ip.gov.py/ip/feed/,pattern_guess,unknown,
Telefuturo,PY,PARAGUAY,https://www.telefuturo.com.py/feed/,pattern_guess,unknown,
El Comercio,PE,PERU,https://elcomercio.pe/arc/outboundfeeds/rss/?outputType=xml,verified,arc,
El Comercio — Política,PE,PERU,https://elcomercio.pe/arc/outboundfeeds/rss/category/politica/?outputType=xml,likely,unknown,
El Comercio — Lima,PE,PERU,https://elcomercio.pe/arc/outboundfeeds/rss/category/lima/?outputType=xml,likely,unknown,
La República,PE,PERU,https://larepublica.pe/arc/outboundfeeds/rss/,likely,arc,
Perú21,PE,PERU,https://peru21.pe/arc/outboundfeeds/rss/,verified,unknown,
Trome,PE,PERU,https://trome.com/arc/outboundfeeds/rss/,likely,unknown,
Expreso,PE,PERU,https://www.expreso.com.pe/feed/,likely,unknown,
Correo,PE,PERU,https://diariocorreo.pe/arc/outboundfeeds/rss/,likely,unknown,
Gestión,PE,PERU,https://gestion.pe/arc/outboundfeeds/rss/,verified,arc,
El Peruano (gazette),PE,PERU,https://elperuano.pe/rss.aspx,pattern_guess,unknown,
Andina (state wire),PE,PERU,https://andina.pe/edicion/rss-anglo.aspx,pattern_guess,unknown,
IDL-Reporteros,PE,PERU,https://www.idl-reporteros.pe/feed/,likely,wordpress,
Ojo Público,PE,PERU,https://ojo-publico.com/feed,likely,unknown,
Convoca,PE,PERU,https://convoca.pe/rss.xml,pattern_guess,unknown,
Wayka,PE,PERU,https://wayka.pe/feed/,likely,unknown,
La Mula,PE,PERU,https://lamula.pe/feed/,likely,unknown,
Sudaca,PE,PERU,https://sudaca.pe/feed/,likely,unknown,
Salud con Lupa,PE,PERU,https://saludconlupa.com/feed.xml,pattern_guess,unknown,
Caretas,PE,PERU,https://caretas.pe/feed/,verified,wordpress,
Hildebrandt en sus Trece,PE,PERU,https://hildebrandtensustrece.com/feed/,likely,unknown,
Epicentro.tv,PE,PERU,https://epicentro.tv/feed/,likely,unknown,
Revista Ideele,PE,PERU,https://www.revistaideele.com/feed,likely,unknown,
IDEHPUCP,PE,PERU,https://idehpucp.pucp.edu.pe/feed/,likely,unknown,
IEP,PE,PERU,https://iep.org.pe/feed/,likely,unknown,
de Ware Tijd,SR,SURINAME,https://www.dwtonline.com/laatste-nieuws/feed/,pattern_guess,unknown,
Starnieuws,SR,SURINAME,https://www.starnieuws.com/index.php/welcome/get_rss,pattern_guess,unknown,
Suriname Herald,SR,SURINAME,https://www.srherald.com/feed/,likely,unknown,
Dagblad Suriname,SR,SURINAME,https://www.dbsuriname.com/feed/,likely,unknown,
El País,UY,URUGUAY,https://www.elpais.com.uy/rss,pattern_guess,unknown,
El Observador,UY,URUGUAY,https://www.elobservador.com.uy/rss/portada.xml,pattern_guess,unknown,
La Diaria,UY,URUGUAY,https://ladiaria.com.uy/feed/,likely,unknown,
Búsqueda,UY,URUGUAY,https://www.busqueda.com.uy/rss.xml,pattern_guess,unknown,
Brecha,UY,URUGUAY,https://brecha.com.uy/feed/,likely,unknown,
La República,UY,URUGUAY,https://www.republica.com.uy/feed/,likely,unknown,
La Mañana,UY,URUGUAY,https://www.xn--lamaana-7za.uy/feed/,likely,unknown,
El Telégrafo (Paysandú),UY,URUGUAY,https://www.eltelegrafo.com/feed/,likely,unknown,
LARED21,UY,URUGUAY,https://www.lr21.com.uy/feed/,likely,unknown,
Sudestada,UY,URUGUAY,https://sudestada.com.uy/feed,likely,unknown,
com.uy,UY,URUGUAY,https://www.180.com.uy/rss.php,pattern_guess,unknown,
Montevideo Portal,UY,URUGUAY,https://www.montevideo.com.uy/rss/anchor.aspx,pattern_guess,unknown,
MercoPress,UY,URUGUAY,https://en.mercopress.com/rss/,verified,unknown,
Teledoce (Canal 12),UY,URUGUAY,https://www.teledoce.com/feed/,likely,unknown,
Efecto Cocuyo,VE,VENEZUELA,https://efectococuyo.com/feed/,likely,wordpress,
Armando.Info,VE,VENEZUELA,https://armando.info/feed/,likely,unknown,
El Pitazo,VE,VENEZUELA,https://elpitazo.net/feed/,likely,unknown,
Runrun.es,VE,VENEZUELA,https://runrun.es/feed/,likely,unknown,
TalCual,VE,VENEZUELA,https://talcualdigital.com/feed/,likely,unknown,
Prodavinci,VE,VENEZUELA,https://prodavinci.com/feed/,likely,unknown,
Crónica.Uno,VE,VENEZUELA,https://cronica.uno/feed/,likely,unknown,
La Patilla,VE,VENEZUELA,https://www.lapatilla.com/feed/,likely,unknown,
El Estímulo,VE,VENEZUELA,https://elestimulo.com/feed/,likely,unknown,
Caraota Digital,VE,VENEZUELA,https://caraotadigital.net/feed/,likely,unknown,
NTN24,VE,VENEZUELA,https://www.ntn24.com/feed,pattern_guess,unknown,
Diario Las Américas — Venezuela,VE,VENEZUELA,https://www.diariolasamericas.com/rss-venezuela.html,pattern_guess,unknown,
Venezuela al Día,VE,VENEZUELA,https://www.venezuelaaldia.com/feed/,likely,unknown,
Punto de Corte,VE,VENEZUELA,https://puntodecorte.com/feed/,likely,unknown,
IPYS Venezuela,VE,VENEZUELA,https://ipysvenezuela.org/feed/,likely,unknown,
Espacio Público,VE,VENEZUELA,https://espaciopublico.ong/feed/,likely,unknown,
OVV (Observatorio Venezolano de Violencia),VE,VENEZUELA,https://observatoriodeviolencia.org.ve/feed/,likely,unknown,
Provea,VE,VENEZUELA,https://provea.org/feed/,likely,unknown,
Foro Penal,VE,VENEZUELA,https://foropenal.com/feed/,likely,unknown,
Acceso a la Justicia,VE,VENEZUELA,https://accesoalajusticia.org/feed/,likely,unknown,
Transparencia Venezuela,VE,VENEZUELA,https://transparencia.org.ve/feed/,likely,unknown,
InSight Crime Venezuela tag,VE,VENEZUELA,https://es.insightcrime.org/venezuela-crimen-organizado/feed/,likely,unknown,
VTV (state),VE,VENEZUELA,https://www.vtv.gob.ve/feed/,pattern_guess,unknown,
Aporrea,VE,VENEZUELA,https://www.aporrea.org/rss/rss.php,pattern_guess,unknown,
France-Guyane,GF,FRENCH GUIANA,https://www.franceguyane.fr/rss.html,pattern_guess,unknown,
Guyane la 1ère,GF,FRENCH GUIANA,https://la1ere.francetvinfo.fr/guyane/rss,pattern_guess,unknown,
